<?xml version="1.0" encoding="UTF-8"?>
<Configuration status="warn">

    <properties>
    <property name="name">app</property>
    <property name="pattern">[%d{yyyy/MM/dd HH:mm:ss.SSS}][%p][%c-%t-%L] %m%n</property>
    </properties>

    <Appenders>
        <!--<File name="file" fileName="app1.log">-->
            <!--<PatternLayout>-->
                <!--<Pattern>${pattern}</Pattern>-->
            <!--</PatternLayout>-->
        <!--</File>-->
        <Console name="STDOUT" target="SYSTEM_OUT">
            <PatternLayout pattern="${pattern}"/>
        </Console>
        <RollingFile name="RollingFile" fileName="../logs/app.log"
                     filePattern="../logs/$${date:yyyy-MM}/app-%d{yyyy-MM-dd}-%i.log.gz">
            <PatternLayout>
                <Pattern>${pattern}</Pattern>
            </PatternLayout>
            <!--<TimeBasedTriggeringPolicy />-->
            <SizeBasedTriggeringPolicy size="10MB"/>
            <DefaultRolloverStrategy max="10"/>
        </RollingFile>
    </Appenders>

    <Loggers>
        <Root level="trace">
            <!--<AppenderRef ref="file" level="INFO"/>-->
            <AppenderRef ref="STDOUT" level="INFO"/>
            <AppenderRef ref="RollingFile" level="INFO"/>
        </Root>
    </Loggers>
</Configuration>
